abrown = Andy Brown <abrown@carbonite.com>
achen = Anthony Chen <achen@carbonite.com>
ahadden = Allen Hadden <ahadden@carbonite.com>
amercher = Aziza Mercher <amercher@carbonite.com>
amoah = Aye Moah <amoah@carbonite.com>
aobrien = Alison O'Brien <aobrien@carbonite.com>
aorenstein = Aaron Orenstein <aorenstein@carbonite.com>
bbell = Brenda Bell <bbell@carbonite.com>
bholland = Ben Holland <bholland@carbonite.com>
bhunter = Brian Hunter <bhunter@carbonite.com>
build = Build User <build@carbonite.com>
carbonite = Build User <build@carbonite.com>
cfry = Chall Fry <cfry@carbonite.com>
cgodsay = Chat Godsay <cgodsay@carbonite.com>
cserrant = Chad Serrant <cserrant@carbonite.com>
cthien = Carl Thien <cthien@carbonite.com>
ctracey = Craig Tracey <ctracey@carbonite.com>
cyan = Cheng Yan <cyan@carbonite.com>
dave = Dave Camp <dave@criticalpath.com>
dknowles = Doug Knowles <dknowles@carbonite.com>
egolin = Eric Golin <egolin@carbonite.com>
ghenriksen = Gordon Henriksen <ghenriksen@carbonite.com>
gordon = Gordon Henriksen <ghenriksen@carbonite.com>
jdebate = Jeremy Debate <jdebate@carbonite.com>
jflowers = Jeff Flowers <jflowers@carbonite.com>
jfreidin = Jonathan Freidin <jfreidin@carbonite.com>
jkalish = John Kalish <jkalish@carbonite.com>
jleung = Jonathan Leung <jleung@carbonite.com>
jmcisaac = Jess McIsaac <jmcissac@carbonite.com>
kbhatt = Kamal Bhatt <kbhatt@carbonite.com>
kniimi = Kaz Niimi <kniimi@carbonite.com>
kparrish = Ken Parrish <kparrish@carbonite.com>
lpallazola = Len Pallazola <lpallazola@carbonite.com>
lwilson = Larry Wilson <lwilson@carbonite.com>
mbernardo = Mike Bernardo <mike@greenvolcanosoftware.com>
mjames = Martyn James <mjames@carbonite.com>
mrees = Mark Rees <mrees@carbonite.com>
mstapp = Mike Stapp <mstapp@carbonite.com>
mtamaoki = Masaki Tamaoki <mtamaoki@carbonite.com>
ovlasenko = Oleksandr Vlasenko <ovlasenko@carbonite.com>
pxu = Peak Xu <pxu@carbonite.com>
rkwan = Ray Kwan <rkwan@carbonite.com>
rmartin = Ryan Martin <rmartin@carbonite.com>
rmorgan = Rob Morgan <rmorgan@carbonite.com>
rmyhill = Robert Myhill <rmyhill@carbonite.com>
rob = Rob Morgan <rmorgan@carbonite.com>
scrispin = Scot Crispin <scrispin@carbonite.com>
skutnii = Sergii Kutnii <skutnii@carbonite.com>
smaslenko = Stanislav Maslenko <smaslenko@carbonite.com>
smcnally = Sean McNally <smcnally@carbonite.com>
tnguyen = Tung Nguyen <tnguyen@carbonite.com>
tomtitchener = Tom Titchener <ttitchener@carbonite.com>
ttitchener = Tom Titchener <ttitchener@carbonite.com>
TTitchener = Tom Titchener <ttitchener@carbonite.com>
valeinik = Vlad Aleinik <valeinik@carbonite.com>
vkondapalli = Vaishnavi Kondapalli <vkondapalli@carbonite.com>
wcrofton = Win Crofton <wcrofton@carbonite.com>
yguy = Yvon Guy <yguy@carbonite.com>

cdodge = Chris Dodge <cdodge@carbonite.com>
dcayon = Darin Cayon <dcayon@carbonite.com>
dadams = Dan Adams <dadams@carbonite.com>
ddooley = Diane Dooley <ddooley@carbonite.com>
doladosu = Damilare Oladosu <doladosu@carbonite.com>
dwhite = Darryl White <dwhite@carbonite.com>
cmeigs = Chad Meigs <cmeigs@carbonite.com>
lflowers = Laurie Flowers <lflowers@carbonite.com>
mdrayer = Matt Drayer <mdrayer@carbonite.com>
mhebert = Margaret Hebert <mhebert@carbonite.com>
scobban = Scott Cobban <scobban@carbonite.com>
skumar = Sushil Kumar <skumar@carbonite.com>
tmeyers = Travis Meyers <tmeyers@carbonite.com>
wblanchard = Will Blanchard <wblanchard@carbonite.com>

dsloat = David Sloat <dsloat@carbonite.com>
gagarwal = Gunjan Agarwal <gagarwal@carbonite.com>
smarshall = Shane Marshall <smarshall@carbonite.com>

gturi = Geoff Turi <gturi@carbonite.com>
lherrington = Lester Herrington <lherrington@carbonite.com>
mviglas = Mark Viglas <mviglas@carbonite.com>
blheureux = Brion L'Heureux <blheureux@carbonite.com>
esolodkyi = Evgen Solodkyi <esolodkyi@carbonite.com>
slong = Scott Long <slong@carbonite.com>

